model,mean_repeat_rmse,rmse_seed_42,rmse_seed_17,rmse_seed_93
Previous unscaled spline,1074.4841420439557,1073.6421072713474,1075.4241377628612,1074.3861810976582
Normalized spline k4 alpha100,1074.717514671927,1073.3578917066955,1075.9926401366793,1074.8020121724062
Normalized spline k4 alpha10,1075.0821713531116,1073.5212737259458,1076.4749101258076,1075.2503302075818
Normalized spline k4 alpha1,1075.1379967679507,1073.553434596551,1076.5445294637866,1075.3160262435151
Normalized spline k3 alpha100,1075.372959257217,1075.072145959617,1076.285398554033,1074.7613332580006
Normalized spline k3 alpha10,1075.680392540867,1075.3337221860736,1076.6541705374887,1075.0532848990388
Normalized spline k3 alpha1,1075.729027629256,1075.3766163877647,1076.710313990505,1075.1001525094982
Normalized spline k6 alpha100,1078.2730967316145,1077.2502280348208,1078.829799769477,1078.7392623905457
Normalized spline k6 alpha10,1078.908313135611,1077.8326769832054,1079.4619837408707,1079.4302786827568
Normalized spline k6 alpha1,1078.989445865258,1077.908107701754,1079.5427513002026,1079.5174785938173
Normalized spline k4 alpha1000,1079.4458609500318,1078.8274024336652,1080.2745090420049,1079.235671374426
Normalized spline k3 alpha1000,1080.6132940165942,1080.4271219741486,1081.320900499838,1080.0918595757955
Normalized spline k6 alpha1000,1081.2708263587422,1080.563477987171,1081.8132610011444,1081.4357400879112
