model,seed,fold,rmse
Previous unscaled spline,42,1,1094.2035911359699
Previous unscaled spline,42,2,1025.7267301943662
Previous unscaled spline,42,3,1077.0840609048885
Previous unscaled spline,42,4,1098.6544632018827
Previous unscaled spline,42,5,1070.9729679386205
Previous unscaled spline,17,1,1079.1599019905386
Previous unscaled spline,17,2,1099.394819477493
Previous unscaled spline,17,3,1139.496676004146
Previous unscaled spline,17,4,1063.2728873655822
Previous unscaled spline,17,5,990.0842600716582
Previous unscaled spline,93,1,1051.3618402345824
Previous unscaled spline,93,2,1165.9102904006556
Previous unscaled spline,93,3,1053.0193703088564
Previous unscaled spline,93,4,1053.9296610111373
Previous unscaled spline,93,5,1042.6604044278924
Normalized spline k3 alpha1,42,1,1092.9542960245346
Normalized spline k3 alpha1,42,2,1027.782306984127
Normalized spline k3 alpha1,42,3,1079.4972814234907
Normalized spline k3 alpha1,42,4,1103.6926505499005
Normalized spline k3 alpha1,42,5,1071.3678341822083
Normalized spline k3 alpha1,17,1,1084.9685126282498
Normalized spline k3 alpha1,17,2,1103.8212742253318
Normalized spline k3 alpha1,17,3,1135.9570094897113
Normalized spline k3 alpha1,17,4,1063.8449263913803
Normalized spline k3 alpha1,17,5,989.2509545506034
Normalized spline k3 alpha1,93,1,1053.356273327425
Normalized spline k3 alpha1,93,2,1169.314976244564
Normalized spline k3 alpha1,93,3,1050.621684929074
Normalized spline k3 alpha1,93,4,1051.4510162746624
Normalized spline k3 alpha1,93,5,1045.4338389784182
Normalized spline k3 alpha10,42,1,1092.9347347042299
Normalized spline k3 alpha10,42,2,1027.8075851916399
Normalized spline k3 alpha10,42,3,1079.5136423583995
Normalized spline k3 alpha10,42,4,1103.6114748641028
Normalized spline k3 alpha10,42,5,1071.215295509542
Normalized spline k3 alpha10,17,1,1084.8203605019908
Normalized spline k3 alpha10,17,2,1103.8387434678611
Normalized spline k3 alpha10,17,3,1135.9368520308954
Normalized spline k3 alpha10,17,4,1063.7867460042871
Normalized spline k3 alpha10,17,5,989.174105338925
Normalized spline k3 alpha10,93,1,1053.276709031529
Normalized spline k3 alpha10,93,2,1169.3689755841262
Normalized spline k3 alpha10,93,3,1050.4944352666635
Normalized spline k3 alpha10,93,4,1051.3523831048287
Normalized spline k3 alpha10,93,5,1045.4397402299849
Normalized spline k3 alpha100,42,1,1092.91146571027
Normalized spline k3 alpha100,42,2,1028.2095025404535
Normalized spline k3 alpha100,42,3,1079.765559451828
Normalized spline k3 alpha100,42,4,1102.9600179515307
Normalized spline k3 alpha100,42,5,1069.9559890857688
Normalized spline k3 alpha100,17,1,1083.595410713139
Normalized spline k3 alpha100,17,2,1104.1588048045687
Normalized spline k3 alpha100,17,3,1135.861551722938
Normalized spline k3 alpha100,17,4,1063.3825935463756
Normalized spline k3 alpha100,17,5,988.6737510265008
Normalized spline k3 alpha100,93,1,1052.7520854090667
Normalized spline k3 alpha100,93,2,1170.0117088179584
Normalized spline k3 alpha100,93,3,1049.5117598461056
Normalized spline k3 alpha100,93,4,1050.5243411244403
Normalized spline k3 alpha100,93,5,1045.5678855033361
Normalized spline k3 alpha1000,42,1,1100.5175520529872
Normalized spline k3 alpha1000,42,2,1038.6622577050416
Normalized spline k3 alpha1000,42,3,1087.5455707493936
Normalized spline k3 alpha1000,42,4,1104.7328053876313
Normalized spline k3 alpha1000,42,5,1069.319332368203
Normalized spline k3 alpha1000,17,1,1081.9188376837244
Normalized spline k3 alpha1000,17,2,1114.153573383915
Normalized spline k3 alpha1000,17,3,1141.5788327388161
Normalized spline k3 alpha1000,17,4,1068.144297656021
Normalized spline k3 alpha1000,17,5,995.0322604651102
Normalized spline k3 alpha1000,93,1,1059.015956496134
Normalized spline k3 alpha1000,93,2,1181.4748271609512
Normalized spline k3 alpha1000,93,3,1051.981927966868
Normalized spline k3 alpha1000,93,4,1050.351664017998
Normalized spline k3 alpha1000,93,5,1051.4913637723366
Normalized spline k4 alpha1,42,1,1091.0668503037055
Normalized spline k4 alpha1,42,2,1025.9910114350982
Normalized spline k4 alpha1,42,3,1076.534510765908
Normalized spline k4 alpha1,42,4,1100.5493707441194
Normalized spline k4 alpha1,42,5,1072.0830635934035
Normalized spline k4 alpha1,17,1,1084.6962682816081
Normalized spline k4 alpha1,17,2,1100.0726981407727
Normalized spline k4 alpha1,17,3,1139.2912286366113
Normalized spline k4 alpha1,17,4,1062.97928161313
Normalized spline k4 alpha1,17,5,989.9197700491327
Normalized spline k4 alpha1,93,1,1049.9883374950466
Normalized spline k4 alpha1,93,2,1167.1698992462864
Normalized spline k4 alpha1,93,3,1051.1168231401034
Normalized spline k4 alpha1,93,4,1057.754465872787
Normalized spline k4 alpha1,93,5,1045.472429165151
Normalized spline k4 alpha10,42,1,1091.0584819230814
Normalized spline k4 alpha10,42,2,1026.0024260274517
Normalized spline k4 alpha10,42,3,1076.5289327159749
Normalized spline k4 alpha10,42,4,1100.5350224020538
Normalized spline k4 alpha10,42,5,1071.9398528528468
Normalized spline k4 alpha10,17,1,1084.5651635657557
Normalized spline k4 alpha10,17,2,1100.1531378549698
Normalized spline k4 alpha10,17,3,1139.1271922746416
Normalized spline k4 alpha10,17,4,1062.935079230875
Normalized spline k4 alpha10,17,5,989.8317021532911
Normalized spline k4 alpha10,93,1,1049.9933582069352
Normalized spline k4 alpha10,93,2,1167.228113122109
Normalized spline k4 alpha10,93,3,1050.9934295093992
Normalized spline k4 alpha10,93,4,1057.497153867791
Normalized spline k4 alpha10,93,5,1045.4489442836805
Normalized spline k4 alpha100,42,1,1091.1372367461597
Normalized spline k4 alpha100,42,2,1026.2971916739223
Normalized spline k4 alpha100,42,3,1076.616604194856
Normalized spline k4 alpha100,42,4,1100.4704058299217
Normalized spline k4 alpha100,42,5,1070.7361226797273
Normalized spline k4 alpha100,17,1,1083.4439955167168
Normalized spline k4 alpha100,17,2,1101.020763676669
Normalized spline k4 alpha100,17,3,1137.865904570202
Normalized spline k4 alpha100,17,4,1062.6682794164185
Normalized spline k4 alpha100,17,5,989.2099023454615
Normalized spline k4 alpha100,93,1,1050.1601982645536
Normalized spline k4 alpha100,93,2,1167.915494986644
Normalized spline k4 alpha100,93,3,1050.0161108114637
Normalized spline k4 alpha100,93,4,1055.3568309184436
Normalized spline k4 alpha100,93,5,1045.3538543695345
Normalized spline k4 alpha1000,42,1,1099.080383669076
Normalized spline k4 alpha1000,42,2,1036.3514921772235
Normalized spline k4 alpha1000,42,3,1083.6308539590075
Normalized spline k4 alpha1000,42,4,1104.3977807528604
Normalized spline k4 alpha1000,42,5,1069.2855760002224
Normalized spline k4 alpha1000,17,1,1081.2954823571506
Normalized spline k4 alpha1000,17,2,1112.9658492779884
Normalized spline k4 alpha1000,17,3,1139.5315271050497
Normalized spline k4 alpha1000,17,4,1067.8113891924825
Normalized spline k4 alpha1000,17,5,994.0598509398486
Normalized spline k4 alpha1000,93,1,1057.9888440672153
Normalized spline k4 alpha1000,93,2,1179.4746401329746
Normalized spline k4 alpha1000,93,3,1051.5689601357492
Normalized spline k4 alpha1000,93,4,1050.743994802331
Normalized spline k4 alpha1000,93,5,1050.3955609855827
Normalized spline k6 alpha1,42,1,1094.1267461176346
Normalized spline k6 alpha1,42,2,1032.5131282255634
Normalized spline k6 alpha1,42,3,1084.687520587151
Normalized spline k6 alpha1,42,4,1105.7308106345527
Normalized spline k6 alpha1,42,5,1070.9955594748287
Normalized spline k6 alpha1,17,1,1087.543726873128
Normalized spline k6 alpha1,17,2,1103.5975785700055
Normalized spline k6 alpha1,17,3,1144.0336528910516
Normalized spline k6 alpha1,17,4,1066.2446193819346
Normalized spline k6 alpha1,17,5,990.2139826991088
Normalized spline k6 alpha1,93,1,1056.5674418464582
Normalized spline k6 alpha1,93,2,1172.5236627958757
Normalized spline k6 alpha1,93,3,1054.8104598903976
Normalized spline k6 alpha1,93,4,1055.5586778640168
Normalized spline k6 alpha1,93,5,1052.977839379617
Normalized spline k6 alpha10,42,1,1094.0768645725288
Normalized spline k6 alpha10,42,2,1032.4327484227692
Normalized spline k6 alpha10,42,3,1084.6214143956354
Normalized spline k6 alpha10,42,4,1105.6308346545025
Normalized spline k6 alpha10,42,5,1070.9145866162917
Normalized spline k6 alpha10,17,1,1087.396547303571
Normalized spline k6 alpha10,17,2,1103.610349952027
Normalized spline k6 alpha10,17,3,1143.871105484239
Normalized spline k6 alpha10,17,4,1066.183515116222
Normalized spline k6 alpha10,17,5,990.174754051494
Normalized spline k6 alpha10,93,1,1056.5105281331887
Normalized spline k6 alpha10,93,2,1172.5413396471222
Normalized spline k6 alpha10,93,3,1054.6692061805406
Normalized spline k6 alpha10,93,4,1055.4199779956496
Normalized spline k6 alpha10,93,5,1052.8487675952736
Normalized spline k6 alpha100,42,1,1093.754151348624
Normalized spline k6 alpha100,42,2,1031.8566177594264
Normalized spline k6 alpha100,42,3,1084.1237379919355
Normalized spline k6 alpha100,42,4,1104.805826026504
Normalized spline k6 alpha100,42,5,1070.2242866603424
Normalized spline k6 alpha100,17,1,1086.112691339472
Normalized spline k6 alpha100,17,2,1103.8741813318156
Normalized spline k6 alpha100,17,3,1142.504219734694
Normalized spline k6 alpha100,17,4,1065.715296419278
Normalized spline k6 alpha100,17,5,989.9273385625843
Normalized spline k6 alpha100,93,1,1056.14102596345
Normalized spline k6 alpha100,93,2,1172.8445938041614
Normalized spline k6 alpha100,93,3,1053.4612520375672
Normalized spline k6 alpha100,93,4,1054.1980453177048
Normalized spline k6 alpha100,93,5,1051.7732100518833
Normalized spline k6 alpha1000,42,1,1099.5787002057923
Normalized spline k6 alpha1000,42,2,1037.4538495860604
Normalized spline k6 alpha1000,42,3,1087.8406724430718
Normalized spline k6 alpha1000,42,4,1105.789104203726
Normalized spline k6 alpha1000,42,5,1070.7554015293892
Normalized spline k6 alpha1000,17,1,1083.02316430246
Normalized spline k6 alpha1000,17,2,1113.5015983473788
Normalized spline k6 alpha1000,17,3,1141.8572276008804
Normalized spline k6 alpha1000,17,4,1069.4186004516
Normalized spline k6 alpha1000,17,5,995.5482645110274
Normalized spline k6 alpha1000,93,1,1062.1029377766488
Normalized spline k6 alpha1000,93,2,1182.51610060983
Normalized spline k6 alpha1000,93,3,1053.0034045292218
Normalized spline k6 alpha1000,93,4,1051.6241232038158
Normalized spline k6 alpha1000,93,5,1051.8183984066886
