model,fold,rmse,mae
Mean baseline,1,1735.49841865512,1370.0527277941142
Mean baseline,2,1683.3111789194927,1341.0333558359785
Mean baseline,3,1717.7877759198782,1359.688064360058
Mean baseline,4,1673.9329919249694,1296.1214878048115
Mean baseline,5,1656.2960076767642,1321.82122915598
Ridge,1,1220.0589367231817,852.9343862124493
Ridge,2,1704.2168889743468,906.2654500208416
Ridge,3,1133.4363412880043,812.8154345543221
Ridge,4,1506.3982497682143,896.1647428223447
Ridge,5,1876.808309213463,898.7055230448163
Extra Trees,1,1091.010392399019,765.6519335118902
Extra Trees,2,1048.9837004580472,741.5396700978292
Extra Trees,3,1112.3546820210593,763.905092177399
Extra Trees,4,1125.7750802004393,799.4193084572807
Extra Trees,5,1099.4250080274542,749.489765527727
CatBoost depth 4,1,1096.9559508568402,758.4158380684011
CatBoost depth 4,2,1041.7526841938477,736.7899617901455
CatBoost depth 4,3,1095.039426411047,752.4846315741349
CatBoost depth 4,4,1100.2111737889518,785.1443610730604
CatBoost depth 4,5,1078.3497443832512,736.3567452287596
CatBoost depth 5,1,1091.9361768327062,755.8234182794921
CatBoost depth 5,2,1045.671292725031,738.6668138868431
CatBoost depth 5,3,1099.624032065433,756.150478499522
CatBoost depth 5,4,1099.3490785948266,785.3023069889794
CatBoost depth 5,5,1080.9793518736158,736.33868742163
CatBoost depth 6,1,1090.9575523069625,757.3534461496638
CatBoost depth 6,2,1038.5853959505694,734.60145775805
CatBoost depth 6,3,1096.1994438696154,752.8980048679582
CatBoost depth 6,4,1105.7146807748697,788.738688775226
CatBoost depth 6,5,1083.0217398609452,739.1395928979127
CatBoost basic features,1,1093.6702568893197,756.434996227482
CatBoost basic features,2,1036.8645539492934,736.0251994557647
CatBoost basic features,3,1096.3672333430989,753.597666183275
CatBoost basic features,4,1104.7203635185977,789.0582855572727
CatBoost basic features,5,1068.544937792851,731.6721998758371
