feature,rmse_increase,std
product_price,728.911740929143,44.26175820821962
store_format,442.21678453411926,13.937863674908755
product_weight_kg,9.598524354914753,4.3147447704934745
store_code,9.504448446474452,0.5798351576658739
store_location_tier,3.3757338448035625,0.6164944899735533
store_size,1.6404480940739177,0.501234336087611
store_age_years,1.3635418668442072,1.5775650856822945
shelf_visibility,1.1546068724622274,1.0689494492934197
product_code,0.6867794188635798,0.7574601759561908
product_category,0.641880374001721,0.27767592610222247
fat_content,-0.3622550124798636,0.5012125367831107
