model,fold,rmse
Original CatBoost,1,1093.6702568893197
Original CatBoost,2,1036.8645539492934
Original CatBoost,3,1096.3672333430989
Original CatBoost,4,1104.7203635185977
Original CatBoost,5,1068.544937792851
CatBoost d3 n450,1,1097.0101855440732
CatBoost d3 n450,2,1038.5224502209337
CatBoost d3 n450,3,1089.8748869521044
CatBoost d3 n450,4,1100.2281047860163
CatBoost d3 n450,5,1070.8342620554429
CatBoost d4 n350,1,1095.3613919364675
CatBoost d4 n350,2,1035.3512875750205
CatBoost d4 n350,3,1088.7675907454577
CatBoost d4 n350,4,1100.464775726077
CatBoost d4 n350,5,1069.7138515974232
Histogram d2,1,1099.7155737321823
Histogram d2,2,1037.5415370539492
Histogram d2,3,1087.6334397185487
Histogram d2,4,1101.6334119273708
Histogram d2,5,1073.9657095357854
Histogram d3,1,1098.8151321558457
Histogram d3,2,1033.7633308301401
Histogram d3,3,1094.26688404882
Histogram d3,4,1103.1929784056567
Histogram d3,5,1069.4991534976089
Histogram d4,1,1099.4852792398187
Histogram d4,2,1033.2967807853356
Histogram d4,3,1095.57211420442
Histogram d4,4,1105.501730789721
Histogram d4,5,1074.4473717236094
Store-price spline alpha 1.0,1,1094.2035911359699
Store-price spline alpha 1.0,2,1025.7267301943662
Store-price spline alpha 1.0,3,1077.0840609048885
Store-price spline alpha 1.0,4,1098.6544632018827
Store-price spline alpha 1.0,5,1070.9729679386205
Store-price spline alpha 10.0,1,1108.2511563082464
Store-price spline alpha 10.0,2,1032.961189705537
Store-price spline alpha 10.0,3,1087.6736927134282
Store-price spline alpha 10.0,4,1104.240110987097
Store-price spline alpha 10.0,5,1077.2575543984412
Equal blend of top three,1,1093.6941967510102
Equal blend of top three,2,1031.3870335735808
Equal blend of top three,3,1083.2223737774937
Equal blend of top three,4,1098.0613224935255
Equal blend of top three,5,1068.6664364932044
